REGION;CODE REGION
Auvergne-Rhône-Alpes;84
Hauts-de-France;32
Provence-Alpes-Côte d'Azur;93
Grand Est;44
Occitanie;76
Normandie;28
Nouvelle-Aquitaine;75
Corse;94
Bourgogne-Franche-Comté;27
Bretagne;53
Centre-Val de Loire;24
Pays de la Loire;52
Ile-de-France;11
Guadeloupe;1
Martinique;2
Guyane;3
La Réunion;4
Mayotte;6
